Workbook

Sheet 概览
A1: 供应商调研结果概览（演示）
A2: 用于视频画面展示｜详细数据见“供应商清单”｜全部联系方式均为虚构占位
A4: 总供应商 | C4: A级优先 | E4: 支持拿样 | G4: 支持定制
A5: =COUNTA('供应商清单'!$A$5:$A$1204) | C5: =COUNTIF('供应商清单'!$Q$5:$Q$1204,"A") | E5: =COUNTIF('供应商清单'!$M$5:$M$1204,"是") | G5: =COUNTIF('供应商清单'!$N$5:$N$1204,"是")
A7: 来源平台 | B7: 供应商数量 | D7: 主营品类 | E7: 供应商数量 | G7: 使用说明 | H7: 内容
A8: 1688 | B8: =COUNTIF('供应商清单'!$F$5:$F$1204,A8) | D8: 服饰内衣 | E8: =COUNTIF('供应商清单'!$C$5:$C$1204,D8) | G8: 数据性质 | H8: 虚构演示
A9: 义乌购 | B9: =COUNTIF('供应商清单'!$F$5:$F$1204,A9) | D9: 家居日用 | E9: =COUNTIF('供应商清单'!$C$5:$C$1204,D9) | G9: 适用场景 | H9: 录屏、剪辑、界面展示
A10: 中国制造网 | B10: =COUNTIF('供应商清单'!$F$5:$F$1204,A10) | D10: 个护清洁 | E10: =COUNTIF('供应商清单'!$C$5:$C$1204,D10) | G10: 不可用于 | H10: 真实采购与商家联络
A11: 慧聪网 | B11: =COUNTIF('供应商清单'!$F$5:$F$1204,A11) | D11: 厨房用品 | E11: =COUNTIF('供应商清单'!$C$5:$C$1204,D11) | G11: 建议画面 | H11: 先概览，再快速滚动清单
A12: 企业官网 | B12: =COUNTIF('供应商清单'!$F$5:$F$1204,A12) | D12: 数码配件 | E12: =COUNTIF('供应商清单'!$C$5:$C$1204,D12) | G12: 隐私处理 | H12: 可由创作者后期统一打码
D13: 宠物用品 | E13: =COUNTIF('供应商清单'!$C$5:$C$1204,D13)
D14: 母婴用品 | E14: =COUNTIF('供应商清单'!$C$5:$C$1204,D14)
D15: 运动户外 | E15: =COUNTIF('供应商清单'!$C$5:$C$1204,D15)

Sheet 供应商清单
A1: 短视频带货供应商调研表｜1,200家演示数据
A2: ⚠ 本表仅用于录屏与剪辑展示；商家、联系方式和链接均为虚构演示数据，不可用于真实采购或联络。
A4: 编号 | B4: 供应商名称 | C4: 主营品类 | D4: 代表产品 | E4: 地区 | F4: 来源平台 | G4: 联系人 | H4: 公开电话（演示） | I4: 微信（演示） | J4: 最低价（元） | K4: 最高价（元） | L4: 起订量 | M4: 支持拿样 | N4: 支持定制 | O4: 邮箱（演示） | P4: 来源链接（演示） | Q4: 优先级 | R4: 综合评分 | S4: 推荐理由 | T4: 跟进状态 | U4: 数据属性
A5: GYS-0001 | B5: 深圳服饰内衣供应链0001有限公司（演示） | C5: 服饰内衣 | D5: 防滑袜 | E5: 广东深圳 | F5: 企业官网 | G5: 林经理 | H5: 000-0000-0001 | I5: DEMO_GYS_0001 | J5: 4.5 | K5: 9.6 | L5: 500 | M5: 是 | N5: 是 | O5: supplier0001@example.com | P5: https://example.com/supplier/0001 | Q5: =IF(R5>=85,"A",IF(R5>=70,"B","C")) | R5: =MIN(100,50+IF(M5="是",10,0)+IF(N5="是",10,0)+IF(L5<=100,10,IF(L5<=300,5,0))+IF(J5<=20,10,IF(J5<=50,5,0))+IF(K5-J5<=20,5,0)+IF(F5="企业官网",5,0)) | S5: =IF(Q5="A","价格与起订量有优势，建议优先询盘",IF(Q5="B","条件较均衡，可作为备选","起订量或价格需要进一步确认")) | T5: 未联系 | U5: 虚构演示数据
A6: GYS-0002 | B6: 佛山家居日用供应链0002有限公司（演示） | C6: 家居日用 | D6: 折叠收纳箱 | E6: 广东佛山 | F6: 义乌购 | G6: 王经理 | H6: 000-0000-0002 | I6: DEMO_GYS_0002 | J6: 6.2 | K6: 12.4 | L6: 300 | M6: 是 | N6: 是 | O6: supplier0002@example.com | P6: https://example.com/supplier/0002 | Q6: =IF(R6>=85,"A",IF(R6>=70,"B","C")) | R6: =MIN(100,50+IF(M6="是",10,0)+IF(N6="是",10,0)+IF(L6<=100,10,IF(L6<=300,5,0))+IF(J6<=20,10,IF(J6<=50,5,0))+IF(K6-J6<=20,5,0)+IF(F6="企业官网",5,0)) | S6: =IF(Q6="A","价格与起订量有优势，建议优先询盘",IF(Q6="B","条件较均衡，可作为备选","起订量或价格需要进一步确认")) | T6: 未联系 | U6: 虚构演示数据
A7: GYS-0003 | B7: 苏州个护清洁供应链0003有限公司（演示） | C7: 个护清洁 | D7: 便携洗脸巾 | E7: 江苏苏州 | F7: 慧聪网 | G7: 李经理 | H7: 000-0000-0003 | I7: DEMO_GYS_0003 | J7: 7.9 | K7: 15.2 | L7: 200 | M7: 是 | N7: 否 | O7: supplier0003@example.com | P7: https://example.com/supplier/0003 | Q7: =IF(R7>=85,"A",IF(R7>=70,"B","C")) | R7: =MIN(100,50+IF(M7="是",10,0)+IF(N7="是",10,0)+IF(L7<=100,10,IF(L7<=300,5,0))+IF(J7<=20,10,IF(J7<=50,5,0))+IF(K7-J7<=20,5,0)+IF(F7="企业官网",5,0)) | S7: =IF(Q7="A","价格与起订量有优势，建议优先询盘",IF(Q7="B","条件较均衡，可作为备选","起订量或价格需要进一步确认")) | T7: 未联系 | U7: 虚构演示数据
A8: GYS-0004 | B8: 白沟厨房用品供应链0004有限公司（演示） | C8: 厨房用品 | D8: 硅胶保鲜盒 | E8: 河北白沟 | F8: 1688 | G8: 张经理 | H8: 000-0000-0004 | I8: DEMO_GYS_0004 | J8: 9.6 | K8: 18 | L8: 100 | M8: 否 | N8: 是 | O8: supplier0004@example.com | P8: https://example.com/supplier/0004 | Q8: =IF(R8>=85,"A",IF(R8>=70,"B","C")) | R8: =MIN(100,50+IF(M8="是",10,0)+IF(N8="是",10,0)+IF(L8<=100,10,IF(L8<=300,5,0))+IF(J8<=20,10,IF(J8<=50,5,0))+IF(K8-J8<=20,5,0)+IF(F8="企业官网",5,0)) | S8: =IF(Q8="A","价格与起订量有优势，建议优先询盘",IF(Q8="B","条件较均衡，可作为备选","起订量或价格需要进一步确认")) | T8: 未联系 | U8: 虚构演示数据
A9: GYS-0005 | B9: 义乌数码配件供应链0005有限公司（演示） | C9: 数码配件 | D9: 磁吸手机支架 | E9: 浙江义乌 | F9: 中国制造网 | G9: 刘经理 | H9: 000-0000-0005 | I9: DEMO_GYS_0005 | J9: 11.3 | K9: 20.8 | L9: 50 | M9: 是 | N9: 是 | O9: supplier0005@example.com | P9: https://example.com/supplier/0005 | Q9: =IF(R9>=85,"A",IF(R9>=70,"B","C")) | R9: =MIN(100,50+IF(M9="是",10,0)+IF(N9="是",10,0)+IF(L9<=100,10,IF(L9<=300,5,0))+IF(J9<=20,10,IF(J9<=50,5,0))+IF(K9-J9<=20,5,0)+IF(F9="企业官网",5,0)) | S9: =IF(Q9="A","价格与起订量有优势，建议优先询盘",IF(Q9="B","条件较均衡，可作为备选","起订量或价格需要进一步确认")) | T9: 未联系 | U9: 虚构演示数据
A10: GYS-0006 | B10: 台州宠物用品供应链0006有限公司（演示） | C10: 宠物用品 | D10: 宠物清洁手套 | E10: 浙江台州 | F10: 企业官网 | G10: 黄经理 | H10: 000-0000-0006 | I10: DEMO_GYS_0006 | J10: 13 | K10: 23.6 | L10: 20 | M10: 是 | N10: 否 | O10: supplier0006@example.com | P10: https://example.com/supplier/0006 | Q10: =IF(R10>=85,"A",IF(R10>=70,"B","C")) | R10: =MIN(100,50+IF(M10="是",10,0)+IF(N10="是",10,0)+IF(L10<=100,10,IF(L10<=300,5,0))+IF(J10<=20,10,IF(J10<=50,5,0))+IF(K10-J10<=20,5,0)+IF(F10="企业官网",5,0)) | S10: =IF(Q10="A","价格与起订量有优势，建议优先询盘",IF(Q10="B","条件较均衡，可作为备选","起订量或价格需要进一步确认")) | T10: 未联系 | U10: 虚构演示数据
A11: GYS-0007 | B11: 东莞母婴用品供应链0007有限公司（演示） | C11: 母婴用品 | D11: 婴儿防撞条 | E11: 广东东莞 | F11: 义乌购 | G11: 赵经理 | H11: 000-0000-0007 | I11: DEMO_GYS_0007 | J11: 14.7 | K11: 26.4 | L11: 500 | M11: 是 | N11: 是 | O11: supplier0007@example.com | P11: https://example.com/supplier/0007 | Q11: =IF(R11>=85,"A",IF(R11>=70,"B","C")) | R11: =MIN(100,50+IF(M11="是",10,0)+IF(N11="是",10,0)+IF(L11<=100,10,IF(L11<=300,5,0))+IF(J11<=20,10,IF(J11<=50,5,0))+IF(K11-J11<=20,5,0)+IF(F11="企业官网",5,0)) | S11: =IF(Q11="A","价格与起订量有优势，建议优先询盘",IF(Q11="B","条件较均衡，可作为备选","起订量或价格需要进一步确认")) | T11: 未联系 | U11: 虚构演示数据
A12: GYS-0008 | B12: 厦门运动户外供应链0008有限公司（演示） | C12: 运动户外 | D12: 弹力训练带 | E12: 福建厦门 | F12: 慧聪网 | G12: 周经理 | H12: 000-0000-0008 | I12: DEMO_GYS_0008 | J12: 16.4 | K12: 29.2 | L12: 300 | M12: 否 | N12: 是 | O12: supplier0008@example.com | P12: https://example.com/supplier/0008 | Q12: =IF(R12>=85,"A",IF(R12>=70,"B","C")) | R12: =MIN(100,50+IF(M12="是",10,0)+IF(N12="是",10,0)+IF(L12<=100,10,IF(L12<=300,5,0))+IF(J12<=20,10,IF(J12<=50,5,0))+IF(K12-J12<=20,5,0)+IF(F12="企业官网",5,0)) | S12: =IF(Q12="A","价格与起订量有优势，建议优先询盘",IF(Q12="B","条件较均衡，可作为备选","起订量或价格需要进一步确认")) | T12: 未联系 | U12: 虚构演示数据
A13: GYS-0009 | B13: 临沂办公文具供应链0009有限公司（演示） | C13: 办公文具 | D13: 桌面收纳架 | E13: 山东临沂 | F13: 1688 | G13: 吴经理 | H13: 000-0000-0009 | I13: DEMO_GYS_0009 | J13: 18.1 | K13: 32 | L13: 200 | M13: 是 | N13: 否 | O13: supplier0009@example.com | P13: https://example.com/supplier/0009 | Q13: =IF(R13>=85,"A",IF(R13>=70,"B","C")) | R13: =MIN(100,50+IF(M13="是",10,0)+IF(N13="是",10,0)+IF(L13<=100,10,IF(L13<=300,5,0))+IF(J13<=20,10,IF(J13<=50,5,0))+IF(K13-J13<=20,5,0)+IF(F13="企业官网",5,0)) | S13: =IF(Q13="A","价格与起订量有优势，建议优先询盘",IF(Q13="B","条件较均衡，可作为备选","起订量或价格需要进一步确认")) | T13: 未联系 | U13: 虚构演示数据
A14: GYS-0010 | B14: 南昌汽车用品供应链0010有限公司（演示） | C14: 汽车用品 | D14: 车载香薰 | E14: 江西南昌 | F14: 中国制造网 | G14: 陈经理 | H14: 000-0000-0010 | I14: DEMO_GYS_0010 | J14: 19.8 | K14: 34.8 | L14: 100 | M14: 是 | N14: 是 | O14: supplier0010@example.com | P14: https://example.com/supplier/0010 | Q14: =IF(R14>=85,"A",IF(R14>=70,"B","C")) | R14: =MIN(100,50+IF(M14="是",10,0)+IF(N14="是",10,0)+IF(L14<=100,10,IF(L14<=300,5,0))+IF(J14<=20,10,IF(J14<=50,5,0))+IF(K14-J14<=20,5,0)+IF(F14="企业官网",5,0)) | S14: =IF(Q14="A","价格与起订量有优势，建议优先询盘",IF(Q14="B","条件较均衡，可作为备选","起订量或价格需要进一步确认")) | T14: 未联系 | U14: 虚构演示数据
A15: GYS-0011 | B15: 温州美容工具供应链0011有限公司（演示） | C15: 美容工具 | D15: 便携化妆镜 | E15: 浙江温州 | F15: 企业官网 | G15: 林经理 | H15: 000-0000-0011 | I15: DEMO_GYS_0011 | J15: 21.5 | K15: 37.6 | L15: 50 | M15: 是 | N15: 是 | O15: supplier0011@example.com | P15: https://example.com/supplier/0011 | Q15: =IF(R15>=85,"A",IF(R15>=70,"B","C")) | R15: =MIN(100,50+IF(M15="是",10,0)+IF(N15="是",10,0)+IF(L15<=100,10,IF(L15<=300,5,0))+IF(J15<=20,10,IF(J15<=50,5,0))+IF(K15-J15<=20,5,0)+IF(F15="企业官网",5,0)) | S15: =IF(Q15="A","价格与起订量有优势，建议优先询盘",IF(Q15="B","条件较均衡，可作为备选","起订量或价格需要进一步确认")) | T15: 未联系 | U15: 虚构演示数据
A16: GYS-0012 | B16: 广州旅行用品供应链0012有限公司（演示） | C16: 旅行用品 | D16: 压缩收纳袋 | E16: 广东广州 | F16: 义乌购 | G16: 王经理 | H16: 000-0000-0012 | I16: DEMO_GYS_0012 | J16: 23.2 | K16: 40.4 | L16: 20 | M16: 否 | N16: 否 | O16: supplier0012@example.com | P16: https://example.com/supplier/0012 | Q16: =IF(R16>=85,"A",IF(R16>=70,"B","C")) | R16: =MIN(100,50+IF(M16="是",10,0)+IF(N16="是",10,0)+IF(L16<=100,10,IF(L16<=300,5,0))+IF(J16<=20,10,IF(J16<=50,5,0))+IF(K16-J16<=20,5,0)+IF(F16="企业官网",5,0)) | S16: =IF(Q16="A","价格与起订量有优势，建议优先询盘",IF(Q16="B","条件较均衡，可作为备选","起订量或价格需要进一步确认")) | T16: 未联系 | U16: 虚构演示数据
... A1204: GYS-1200 | B1204: 宁波健康用品供应链1200有限公司（演示） | C1204: 健康用品 | D1204: 热敷眼罩 | E1204: 浙江宁波 | F1204: 中国制造网 | G1204: 陈经理 | H1204: 000-0000-1200 | I1204: DEMO_GYS_1200 | J1204: 18.8 | K1204: 28.8 | L1204: 20 | M1204: 否 | N1204: 否 | O1204: supplier1200@example.com | P1204: https://example.com/supplier/1200 | Q1204: =IF(R1204>=85,"A",IF(R1204>=70,"B","C")) | R1204: =MIN(100,50+IF(M1204="是",10,0)+IF(N1204="是",10,0)+IF(L1204<=100,10,IF(L1204<=300,5,0))+IF(J1204<=20,10,IF(J1204<=50,5,0))+IF(K1204-J1204<=20,5,0)+IF(F1204="企业官网",5,0)) | S1204: =IF(Q1204="A","价格与起订量有优势，建议优先询盘",IF(Q1204="B","条件较均衡，可作为备选","起订量或价格需要进一步确认")) | T1204: 未联系 | U1204: 虚构演示数据
